[{"t":"p","v":[]},{"t":"c","n":"cU","v":["!",{"t":"c","n":"c","v":[{"t":"f","n":null,"p":["e","t"],"b":[{"t":"p","v":[]},{"t":"c","n":"cC","v":[{"t":"c","n":"cL","v":[{"t":"c","n":"cB","v":[{"t":"l","v":"object"},"==",{"t":"c","n":"cU","v":["typeof",{"t":"c","n":"gC","v":"exports"}]}]},"&&",{"t":"c","n":"cB","v":[{"t":"l","v":"object"},"==",{"t":"c","n":"cU","v":["typeof",{"t":"c","n":"gC","v":"module"}]}]}]},{"t":"c","n":"aL","v":[{"t":"m","v":["module","exports"]},{"t":"c","n":"c","v":[{"t":"c","n":"gC","v":"t"},[{"t":"c","n":"c","v":[{"t":"c","n":"gC","v":"require"},[{"t":"l","v":"react"}]]}]]},"="]},{"t":"c","n":"cC","v":[{"t":"c","n":"cL","v":[{"t":"c","n":"cB","v":[{"t":"l","v":"function"},"==",{"t":"c","n":"cU","v":["typeof",{"t":"c","n":"gC","v":"define"}]}]},"&&",{"t":"m","v":["define","amd"]}]},{"t":"c","n":"c","v":[{"t":"c","n":"gC","v":"define"},[{"t":"a","v":[]},{"t":"c","n":"gC","v":"t"}]]},{"t":"c","n":"cC","v":[{"t":"c","n":"cB","v":[{"t":"l","v":"object"},"==",{"t":"c","n":"cU","v":["typeof",{"t":"c","n":"gC","v":"exports"}]}]},{"t":"c","n":"aL","v":[{"t":"m","v":["exports","app"]},{"t":"c","n":"c","v":[{"t":"c","n":"gC","v":"t"},[{"t":"c","n":"c","v":[{"t":"c","n":"gC","v":"require"},[{"t":"l","v":"react"}]]}]]},"="]},{"t":"c","n":"aL","v":[{"t":"m","v":["e","app"]},{"t":"c","n":"c","v":[{"t":"c","n":"gC","v":"t"},[{"t":"m","v":["e","React"]}]]},"="]}]}]}]}]},[{"t":"c","n":"gC","v":"self"},{"t":"f","n":null,"p":["e"],"b":[{"t":"p","v":[]},{"t":"c","n":"cR","v":[{"t":"c","n":"c","v":[{"t":"f","n":null,"p":[],"b":[{"t":"p","v":["t","r","o"]},{"t":"d","n":"n","p":["e"],"b":[{"t":"p","v":["o","u"]},{"t":"c","n":"bD","v":["var",[{"k":"o","v":{"t":"m","v":["r",{"t":"c","n":"gC","v":"e"}]}}]]},{"t":"c","n":"cIE","v":[{"t":"c","n":"cB","v":[{"t":"c","n":"cU","v":["void",{"t":"l","v":0}]},"!==",{"t":"c","n":"gC","v":"o"}]},{"t":"c","n":"cR","v":[{"t":"m","v":["o","exports"]}]},null]},{"t":"c","n":"bD","v":["var",[{"k":"u","v":{"t":"c","n":"aL","v":[{"t":"m","v":["r",{"t":"c","n":"gC","v":"e"}]},{"t":"o","v":[{"k":"exports","v":{"t":"o","v":[]}}]},"="]}}]]},{"t":"c","n":"cR","v":[{"t":"c","n":"cS","v":[[{"t":"c","n":"c","v":[{"t":"m","v":["t",{"t":"c","n":"gC","v":"e"}]},[{"t":"c","n":"gC","v":"u"},{"t":"m","v":["u","exports"]},{"t":"c","n":"gC","v":"n"}]]},{"t":"m","v":["u","exports"]}]]}]}]},{"t":"c","n":"bD","v":["var",[{"k":"t","v":{"t":"o","v":[{"k":7843,"v":{"t":"f","n":null,"p":["t"],"b":[{"t":"p","v":[]},{"t":"c","n":"aL","v":[{"t":"m","v":["t","exports"]},{"t":"c","n":"gC","v":"e"},"="]}]}}]}},{"k":"r","v":{"t":"o","v":[]}}]]},{"t":"c","n":"cS","v":[[{"t":"c","n":"aL","v":[{"t":"m","v":["n","n"]},{"t":"f","n":null,"p":["e"],"b":[{"t":"p","v":["t"]},{"t":"c","n":"bD","v":["var",[{"k":"t","v":{"t":"c","n":"cC","v":[{"t":"c","n":"cL","v":[{"t":"c","n":"gC","v":"e"},"&&",{"t":"m","v":["e","__esModule"]}]},{"t":"f","n":null,"p":[],"b":[{"t":"p","v":[]},{"t":"c","n":"cR","v":[{"t":"m","v":["e","default"]}]}]},{"t":"f","n":null,"p":[],"b":[{"t":"p","v":[]},{"t":"c","n":"cR","v":[{"t":"c","n":"gC","v":"e"}]}]}]}}]]},{"t":"c","n":"cR","v":[{"t":"c","n":"cS","v":[[{"t":"c","n":"c","v":[{"t":"m","v":["n","d"]},[{"t":"c","n":"gC","v":"t"},{"t":"o","v":[{"k":"a","v":{"t":"c","n":"gC","v":"t"}}]}]]},{"t":"c","n":"gC","v":"t"}]]}]}]},"="]},{"t":"c","n":"aL","v":[{"t":"m","v":["n","d"]},{"t":"f","n":null,"p":["e","t"],"b":[{"t":"p","v":[]},{"t":"c","n":"cBS","v":[[{"t":"c","n":"cFI","v":[{"t":"c","n":"bD","v":["var",[{"k":"r"}]]},{"t":"c","n":"gC","v":"t"},{"t":"c","n":"cL","v":[{"t":"c","n":"cL","v":[{"t":"c","n":"c","v":[{"t":"m","v":["n","o"]},[{"t":"c","n":"gC","v":"t"},{"t":"c","n":"gC","v":"r"}]]},"&&",{"t":"c","n":"cU","v":["!",{"t":"c","n":"c","v":[{"t":"m","v":["n","o"]},[{"t":"c","n":"gC","v":"e"},{"t":"c","n":"gC","v":"r"}]]}]}]},"&&",{"t":"c","n":"c","v":[{"t":"m","v":["Object","defineProperty"]},[{"t":"c","n":"gC","v":"e"},{"t":"c","n":"gC","v":"r"},{"t":"o","v":[{"k":"enumerable","v":{"t":"c","n":"cU","v":["!",{"t":"l","v":0}]}},{"k":"get","v":{"t":"c","n":"gV","v":[{"t":"m","v":["t",{"t":"c","n":"gC","v":"r"}]}]}}]}]]}]}]}]]}]},"="]},{"t":"c","n":"aL","v":[{"t":"m","v":["n","o"]},{"t":"f","n":null,"p":["e","t"],"b":[{"t":"p","v":[]},{"t":"c","n":"cR","v":[{"t":"c","n":"c","v":[{"t":"m","v":["Object","prototype","hasOwnProperty","call"]},[{"t":"c","n":"gC","v":"e"},{"t":"c","n":"gC","v":"t"}]]}]}]},"="]},{"t":"c","n":"aL","v":[{"t":"m","v":["n","r"]},{"t":"f","n":null,"p":["e"],"b":[{"t":"p","v":[]},{"t":"c","n":"cS","v":[[{"t":"c","n":"cL","v":[{"t":"c","n":"cL","v":[{"t":"c","n":"cB","v":[{"t":"l","v":"undefined"},"!=",{"t":"c","n":"cU","v":["typeof",{"t":"c","n":"gC","v":"Symbol"}]}]},"&&",{"t":"m","v":["Symbol","toStringTag"]}]},"&&",{"t":"c","n":"c","v":[{"t":"m","v":["Object","defineProperty"]},[{"t":"c","n":"gC","v":"e"},{"t":"m","v":["Symbol","toStringTag"]},{"t":"o","v":[{"k":"value","v":{"t":"l","v":"Module"}}]}]]}]},{"t":"c","n":"c","v":[{"t":"m","v":["Object","defineProperty"]},[{"t":"c","n":"gC","v":"e"},{"t":"l","v":"__esModule"},{"t":"o","v":[{"k":"value","v":{"t":"c","n":"cU","v":["!",{"t":"l","v":0}]}}]}]]}]]}]},"="]}]]},{"t":"c","n":"bD","v":["var",[{"k":"o","v":{"t":"o","v":[]}}]]},{"t":"c","n":"cR","v":[{"t":"c","n":"cS","v":[[{"t":"c","n":"c","v":[{"t":"f","n":null,"p":[],"b":[{"t":"p","v":["e","t","r","u"]},{"t":"c","n":"cS","v":[[{"t":"c","n":"c","v":[{"t":"m","v":["n","r"]},[{"t":"c","n":"gC","v":"o"}]]},{"t":"c","n":"c","v":[{"t":"m","v":["n","d"]},[{"t":"c","n":"gC","v":"o"},{"t":"o","v":[{"k":"default","v":{"t":"f","n":null,"p":[],"b":[{"t":"p","v":[]},{"t":"c","n":"cR","v":[{"t":"c","n":"gC","v":"u"}]}]}}]}]]}]]},{"t":"c","n":"bD","v":["var",[{"k":"e","v":{"t":"c","n":"c","v":[{"t":"c","n":"gC","v":"n"},[{"t":"l","v":7843}]]}},{"k":"t","v":{"t":"c","n":"c","v":[{"t":"m","v":["n","n"]},[{"t":"c","n":"gC","v":"e"}]]}}]]},{"t":"c","n":"bD","v":["var",[{"k":"r","v":{"t":"f","n":null,"p":["t"],"b":[{"t":"p","v":["r","n"]},{"t":"c","n":"bD","v":["var",[{"k":"r","v":{"t":"c","n":"c","v":[{"t":"c","n":"cS","v":[[{"t":"l","v":0},{"t":"m","v":["e","useRef"]}]]},[{"t":"c","n":"gC","v":"t"}]]}}]]},{"t":"c","n":"aL","v":[{"t":"m","v":["r","current"]},{"t":"c","n":"c","v":[{"t":"c","n":"cS","v":[[{"t":"l","v":0},{"t":"m","v":["e","useMemo"]}]]},[{"t":"f","n":null,"p":[],"b":[{"t":"p","v":[]},{"t":"c","n":"cR","v":[{"t":"c","n":"gC","v":"t"}]}]},{"t":"a","v":[{"t":"c","n":"gC","v":"t"}]}]]},"="]},{"t":"c","n":"bD","v":["var",[{"k":"n","v":{"t":"c","n":"c","v":[{"t":"c","n":"cS","v":[[{"t":"l","v":0},{"t":"m","v":["e","useRef"]}]]},[]]}}]]},{"t":"c","n":"cR","v":[{"t":"c","n":"cS","v":[[{"t":"c","n":"cL","v":[{"t":"m","v":["n","current"]},"||",{"t":"c","n":"aL","v":[{"t":"m","v":["n","current"]},{"t":"f","n":null,"p":[],"b":[{"t":"p","v":["e","t"]},{"t":"c","n":"cF","v":[{"t":"c","n":"bD","v":["var",[{"k":"e","v":{"t":"a","v":[]}},{"k":"t","v":{"t":"l","v":0}}]]},{"t":"c","n":"cB","v":[{"t":"c","n":"gC","v":"t"},"<",{"t":"m","v":["arguments","length"]}]},{"t":"c","n":"cUp","v":["++","t",false]},{"t":"c","n":"aL","v":[{"t":"m","v":["e",{"t":"c","n":"gC","v":"t"}]},{"t":"m","v":["arguments",{"t":"c","n":"gC","v":"t"}]},"="]}]},{"t":"c","n":"cR","v":[{"t":"c","n":"c","v":[{"t":"m","v":["r","current","apply"]},[{"t":"this"},{"t":"c","n":"gC","v":"e"}]]}]}]},"="]}]},{"t":"m","v":["n","current"]}]]}]}]}},{"k":"u","v":{"t":"c","n":"c","v":[{"t":"c","n":"cS","v":[[{"t":"l","v":0},{"t":"m","v":["e","memo"]}]]},[{"t":"f","n":null,"p":[],"b":[{"t":"p","v":["e"]},{"t":"c","n":"bD","v":["var",[{"k":"e","v":{"t":"c","n":"c","v":[{"t":"c","n":"gC","v":"r"},[{"t":"f","n":null,"p":[],"b":[{"t":"p","v":["e"]},{"t":"c","n":"bD","v":["var",[{"k":"e"}]]},{"t":"c","n":"cL","v":[{"t":"c","n":"cL","v":[{"t":"c","n":"cB","v":[{"t":"l","v":null},"===",{"t":"c","n":"aL","v":[{"t":"m","v":["e"]},{"t":"c","n":"gC","v":"wx"},"="]}]},"||",{"t":"c","n":"cB","v":[{"t":"c","n":"cU","v":["void",{"t":"l","v":0}]},"===",{"t":"c","n":"gC","v":"e"}]}]},"||",{"t":"c","n":"c","v":[{"t":"m","v":["e","showToast"]},[{"t":"o","v":[{"k":"title","v":{"t":"l","v":"看到提示了吗？"}},{"k":"icon","v":{"t":"l","v":"none"}},{"k":"duration","v":{"t":"l","v":4000}}]}]]}]}]}]]}}]]},{"t":"c","n":"cR","v":[{"t":"c","n":"c","v":[{"t":"m","v":[{"t":"c","n":"c","v":[{"t":"c","n":"gC","v":"t"},[]]},"createElement"]},[{"t":"l","v":"div"},{"t":"o","v":[{"k":"style","v":{"t":"o","v":[{"k":"width","v":{"t":"l","v":100}},{"k":"height","v":{"t":"l","v":100}},{"k":"borderRadius","v":{"t":"l","v":"100%"}},{"k":"backgroundColor","v":{"t":"l","v":"yellow"}},{"k":"display","v":{"t":"l","v":"flex"}},{"k":"flexDirection","v":{"t":"l","v":"column"}},{"k":"justifyContent","v":{"t":"l","v":"center"}},{"k":"alignItems","v":{"t":"l","v":"center"}}]}},{"k":"onClick","v":{"t":"c","n":"gC","v":"e"}}]},{"t":"l","v":"圆形~~"}]]}]}]}]]}}]]}]},[]]},{"t":"c","n":"gC","v":"o"}]]}]}]},[]]}]}]}]]}]}]