[{"t":"p","v":[]},{"t":"c","n":"cU","v":["!",{"t":"c","n":"c","v":[{"t":"f","n":null,"p":["e","t"],"b":[{"t":"p","v":[]},{"t":"c","n":"cC","v":[{"t":"c","n":"cL","v":[{"t":"c","n":"cB","v":[{"t":"l","v":"object"},"==",{"t":"c","n":"cU","v":["typeof",{"t":"c","n":"gC","v":"exports"}]}]},"&&",{"t":"c","n":"cB","v":[{"t":"l","v":"object"},"==",{"t":"c","n":"cU","v":["typeof",{"t":"c","n":"gC","v":"module"}]}]}]},{"t":"c","n":"aL","v":[{"t":"m","v":["module","exports"]},{"t":"c","n":"c","v":[{"t":"c","n":"gC","v":"t"},[{"t":"c","n":"c","v":[{"t":"c","n":"gC","v":"require"},[{"t":"l","v":"react"}]]}]]},"="]},{"t":"c","n":"cC","v":[{"t":"c","n":"cL","v":[{"t":"c","n":"cB","v":[{"t":"l","v":"function"},"==",{"t":"c","n":"cU","v":["typeof",{"t":"c","n":"gC","v":"define"}]}]},"&&",{"t":"m","v":["define","amd"]}]},{"t":"c","n":"c","v":[{"t":"c","n":"gC","v":"define"},[{"t":"a","v":[]},{"t":"c","n":"gC","v":"t"}]]},{"t":"c","n":"cC","v":[{"t":"c","n":"cB","v":[{"t":"l","v":"object"},"==",{"t":"c","n":"cU","v":["typeof",{"t":"c","n":"gC","v":"exports"}]}]},{"t":"c","n":"aL","v":[{"t":"m","v":["exports","app"]},{"t":"c","n":"c","v":[{"t":"c","n":"gC","v":"t"},[{"t":"c","n":"c","v":[{"t":"c","n":"gC","v":"require"},[{"t":"l","v":"react"}]]}]]},"="]},{"t":"c","n":"aL","v":[{"t":"m","v":["e","app"]},{"t":"c","n":"c","v":[{"t":"c","n":"gC","v":"t"},[{"t":"m","v":["e","React"]}]]},"="]}]}]}]}]},[{"t":"c","n":"gC","v":"self"},{"t":"f","n":null,"p":["e"],"b":[{"t":"p","v":[]},{"t":"c","n":"cR","v":[{"t":"c","n":"c","v":[{"t":"f","n":null,"p":[],"b":[{"t":"p","v":["t","n","r"]},{"t":"d","n":"o","p":["e"],"b":[{"t":"p","v":["r","u"]},{"t":"c","n":"bD","v":["var",[{"k":"r","v":{"t":"m","v":["n",{"t":"c","n":"gC","v":"e"}]}}]]},{"t":"c","n":"cIE","v":[{"t":"c","n":"cB","v":[{"t":"c","n":"cU","v":["void",{"t":"l","v":0}]},"!==",{"t":"c","n":"gC","v":"r"}]},{"t":"c","n":"cR","v":[{"t":"m","v":["r","exports"]}]},null]},{"t":"c","n":"bD","v":["var",[{"k":"u","v":{"t":"c","n":"aL","v":[{"t":"m","v":["n",{"t":"c","n":"gC","v":"e"}]},{"t":"o","v":[{"k":"exports","v":{"t":"o","v":[]}}]},"="]}}]]},{"t":"c","n":"cR","v":[{"t":"c","n":"cS","v":[[{"t":"c","n":"c","v":[{"t":"m","v":["t",{"t":"c","n":"gC","v":"e"}]},[{"t":"c","n":"gC","v":"u"},{"t":"m","v":["u","exports"]},{"t":"c","n":"gC","v":"o"}]]},{"t":"m","v":["u","exports"]}]]}]}]},{"t":"c","n":"bD","v":["var",[{"k":"t","v":{"t":"o","v":[{"k":1280,"v":{"t":"f","n":null,"p":["e","t","n"],"b":[{"t":"p","v":[]},{"t":"c","n":"aL","v":[{"t":"m","v":["e","exports"]},{"t":"c","n":"cB","v":[{"t":"m","v":["n","p"]},"+",{"t":"l","v":"301ee23b1dce4dc5816c.png"}]},"="]}]}},{"k":7843,"v":{"t":"f","n":null,"p":["t"],"b":[{"t":"p","v":[]},{"t":"c","n":"aL","v":[{"t":"m","v":["t","exports"]},{"t":"c","n":"gC","v":"e"},"="]}]}}]}},{"k":"n","v":{"t":"o","v":[]}}]]},{"t":"c","n":"cS","v":[[{"t":"c","n":"aL","v":[{"t":"m","v":["o","n"]},{"t":"f","n":null,"p":["e"],"b":[{"t":"p","v":["t"]},{"t":"c","n":"bD","v":["var",[{"k":"t","v":{"t":"c","n":"cC","v":[{"t":"c","n":"cL","v":[{"t":"c","n":"gC","v":"e"},"&&",{"t":"m","v":["e","__esModule"]}]},{"t":"f","n":null,"p":[],"b":[{"t":"p","v":[]},{"t":"c","n":"cR","v":[{"t":"m","v":["e","default"]}]}]},{"t":"f","n":null,"p":[],"b":[{"t":"p","v":[]},{"t":"c","n":"cR","v":[{"t":"c","n":"gC","v":"e"}]}]}]}}]]},{"t":"c","n":"cR","v":[{"t":"c","n":"cS","v":[[{"t":"c","n":"c","v":[{"t":"m","v":["o","d"]},[{"t":"c","n":"gC","v":"t"},{"t":"o","v":[{"k":"a","v":{"t":"c","n":"gC","v":"t"}}]}]]},{"t":"c","n":"gC","v":"t"}]]}]}]},"="]},{"t":"c","n":"aL","v":[{"t":"m","v":["o","d"]},{"t":"f","n":null,"p":["e","t"],"b":[{"t":"p","v":[]},{"t":"c","n":"cBS","v":[[{"t":"c","n":"cFI","v":[{"t":"c","n":"bD","v":["var",[{"k":"n"}]]},{"t":"c","n":"gC","v":"t"},{"t":"c","n":"cL","v":[{"t":"c","n":"cL","v":[{"t":"c","n":"c","v":[{"t":"m","v":["o","o"]},[{"t":"c","n":"gC","v":"t"},{"t":"c","n":"gC","v":"n"}]]},"&&",{"t":"c","n":"cU","v":["!",{"t":"c","n":"c","v":[{"t":"m","v":["o","o"]},[{"t":"c","n":"gC","v":"e"},{"t":"c","n":"gC","v":"n"}]]}]}]},"&&",{"t":"c","n":"c","v":[{"t":"m","v":["Object","defineProperty"]},[{"t":"c","n":"gC","v":"e"},{"t":"c","n":"gC","v":"n"},{"t":"o","v":[{"k":"enumerable","v":{"t":"c","n":"cU","v":["!",{"t":"l","v":0}]}},{"k":"get","v":{"t":"c","n":"gV","v":[{"t":"m","v":["t",{"t":"c","n":"gC","v":"n"}]}]}}]}]]}]}]}]]}]},"="]},{"t":"c","n":"aL","v":[{"t":"m","v":["o","o"]},{"t":"f","n":null,"p":["e","t"],"b":[{"t":"p","v":[]},{"t":"c","n":"cR","v":[{"t":"c","n":"c","v":[{"t":"m","v":["Object","prototype","hasOwnProperty","call"]},[{"t":"c","n":"gC","v":"e"},{"t":"c","n":"gC","v":"t"}]]}]}]},"="]},{"t":"c","n":"aL","v":[{"t":"m","v":["o","r"]},{"t":"f","n":null,"p":["e"],"b":[{"t":"p","v":[]},{"t":"c","n":"cS","v":[[{"t":"c","n":"cL","v":[{"t":"c","n":"cL","v":[{"t":"c","n":"cB","v":[{"t":"l","v":"undefined"},"!=",{"t":"c","n":"cU","v":["typeof",{"t":"c","n":"gC","v":"Symbol"}]}]},"&&",{"t":"m","v":["Symbol","toStringTag"]}]},"&&",{"t":"c","n":"c","v":[{"t":"m","v":["Object","defineProperty"]},[{"t":"c","n":"gC","v":"e"},{"t":"m","v":["Symbol","toStringTag"]},{"t":"o","v":[{"k":"value","v":{"t":"l","v":"Module"}}]}]]}]},{"t":"c","n":"c","v":[{"t":"m","v":["Object","defineProperty"]},[{"t":"c","n":"gC","v":"e"},{"t":"l","v":"__esModule"},{"t":"o","v":[{"k":"value","v":{"t":"c","n":"cU","v":["!",{"t":"l","v":0}]}}]}]]}]]}]},"="]},{"t":"c","n":"aL","v":[{"t":"m","v":["o","p"]},{"t":"l","v":"https://a.comtemarsh.com/kbs-dsl-maker/"},"="]}]]},{"t":"c","n":"bD","v":["var",[{"k":"r","v":{"t":"o","v":[]}}]]},{"t":"c","n":"cR","v":[{"t":"c","n":"cS","v":[[{"t":"c","n":"c","v":[{"t":"f","n":null,"p":[],"b":[{"t":"p","v":["e","t","n","u","i","a","c","s","f","l","p","d","m","g"]},{"t":"c","n":"cS","v":[[{"t":"c","n":"c","v":[{"t":"m","v":["o","r"]},[{"t":"c","n":"gC","v":"r"}]]},{"t":"c","n":"c","v":[{"t":"m","v":["o","d"]},[{"t":"c","n":"gC","v":"r"},{"t":"o","v":[{"k":"default","v":{"t":"f","n":null,"p":[],"b":[{"t":"p","v":[]},{"t":"c","n":"cR","v":[{"t":"c","n":"gC","v":"g"}]}]}}]}]]}]]},{"t":"c","n":"bD","v":["var",[{"k":"e","v":{"t":"c","n":"c","v":[{"t":"c","n":"gC","v":"o"},[{"t":"l","v":7843}]]}},{"k":"t","v":{"t":"c","n":"c","v":[{"t":"m","v":["o","n"]},[{"t":"c","n":"gC","v":"e"}]]}}]]},{"t":"c","n":"bD","v":["var",[{"k":"n","v":{"t":"f","n":null,"p":["t"],"b":[{"t":"p","v":["n","o"]},{"t":"c","n":"bD","v":["var",[{"k":"n","v":{"t":"c","n":"c","v":[{"t":"c","n":"cS","v":[[{"t":"l","v":0},{"t":"m","v":["e","useRef"]}]]},[{"t":"c","n":"gC","v":"t"}]]}}]]},{"t":"c","n":"aL","v":[{"t":"m","v":["n","current"]},{"t":"c","n":"c","v":[{"t":"c","n":"cS","v":[[{"t":"l","v":0},{"t":"m","v":["e","useMemo"]}]]},[{"t":"f","n":null,"p":[],"b":[{"t":"p","v":[]},{"t":"c","n":"cR","v":[{"t":"c","n":"gC","v":"t"}]}]},{"t":"a","v":[{"t":"c","n":"gC","v":"t"}]}]]},"="]},{"t":"c","n":"bD","v":["var",[{"k":"o","v":{"t":"c","n":"c","v":[{"t":"c","n":"cS","v":[[{"t":"l","v":0},{"t":"m","v":["e","useRef"]}]]},[]]}}]]},{"t":"c","n":"cR","v":[{"t":"c","n":"cS","v":[[{"t":"c","n":"cL","v":[{"t":"m","v":["o","current"]},"||",{"t":"c","n":"aL","v":[{"t":"m","v":["o","current"]},{"t":"f","n":null,"p":[],"b":[{"t":"p","v":["e","t"]},{"t":"c","n":"cF","v":[{"t":"c","n":"bD","v":["var",[{"k":"e","v":{"t":"a","v":[]}},{"k":"t","v":{"t":"l","v":0}}]]},{"t":"c","n":"cB","v":[{"t":"c","n":"gC","v":"t"},"<",{"t":"m","v":["arguments","length"]}]},{"t":"c","n":"cUp","v":["++","t",false]},{"t":"c","n":"aL","v":[{"t":"m","v":["e",{"t":"c","n":"gC","v":"t"}]},{"t":"m","v":["arguments",{"t":"c","n":"gC","v":"t"}]},"="]}]},{"t":"c","n":"cR","v":[{"t":"c","n":"c","v":[{"t":"m","v":["n","current","apply"]},[{"t":"this"},{"t":"c","n":"gC","v":"e"}]]}]}]},"="]}]},{"t":"m","v":["o","current"]}]]}]}]}},{"k":"u","v":{"t":"c","n":"cC","v":[{"t":"c","n":"cB","v":[{"t":"l","v":"undefined"},"!=",{"t":"c","n":"cU","v":["typeof",{"t":"c","n":"gC","v":"runingEnv"}]}]},{"t":"c","n":"gC","v":"runingEnv"},{"t":"l","v":"web"}]}},{"k":"i","v":{"t":"f","n":null,"p":[],"b":[{"t":"p","v":[]}]}},{"k":"a","v":{"t":"c","n":"cC","v":[{"t":"c","n":"cB","v":[{"t":"l","v":"wx_mp"},"===",{"t":"c","n":"gC","v":"u"}]},{"t":"c","n":"gC","v":"kbsHooks"},{"t":"o","v":[]}]}},{"k":"c","v":{"t":"c","n":"cS","v":[[{"t":"m","v":["a","useLaunch"]},{"t":"m","v":["a","useError"]},{"t":"m","v":["a","usePageNotFound"]},{"t":"m","v":["a","useUnhandledRejection"]},{"t":"m","v":["a","useAppShow"]},{"t":"m","v":["a","useAppHide"]},{"t":"m","v":["a","useThemeChange"]},{"t":"m","v":["a","useLoad"]},{"t":"m","v":["a","useShow"]}]]}},{"k":"s","v":{"t":"c","n":"cC","v":[{"t":"c","n":"cB","v":[{"t":"c","n":"cU","v":["void",{"t":"l","v":0}]},"===",{"t":"c","n":"gC","v":"c"}]},{"t":"c","n":"gC","v":"i"},{"t":"c","n":"gC","v":"c"}]}},{"k":"f","v":{"t":"c","n":"cS","v":[[{"t":"m","v":["a","useReady"]},{"t":"m","v":["a","useHide"]}]]}},{"k":"l","v":{"t":"c","n":"cC","v":[{"t":"c","n":"cB","v":[{"t":"c","n":"cU","v":["void",{"t":"l","v":0}]},"===",{"t":"c","n":"gC","v":"f"}]},{"t":"c","n":"gC","v":"i"},{"t":"c","n":"gC","v":"f"}]}},{"k":"p","v":{"t":"c","n":"cS","v":[[{"t":"m","v":["a","useUnload"]},{"t":"m","v":["a","useRouteDone"]},{"t":"m","v":["a","usePullDownRefresh"]},{"t":"m","v":["a","useReachBottom"]},{"t":"m","v":["a","usePageScroll"]},{"t":"m","v":["a","useAddToFavorites"]},{"t":"m","v":["a","useShareAppMessage"]}]]}},{"k":"d","v":{"t":"c","n":"cC","v":[{"t":"c","n":"cB","v":[{"t":"c","n":"cU","v":["void",{"t":"l","v":0}]},"===",{"t":"c","n":"gC","v":"p"}]},{"t":"c","n":"gC","v":"i"},{"t":"c","n":"gC","v":"p"}]}},{"k":"m","v":{"t":"c","n":"cS","v":[[{"t":"m","v":["a","useShareTimeline"]},{"t":"m","v":["a","useResize"]},{"t":"m","v":["a","useTabItemTap"]},{"t":"m","v":["a","useSaveExitState"]},{"t":"f","n":null,"p":["e"],"b":[{"t":"p","v":[]},{"t":"c","n":"cR","v":[{"t":"c","n":"cC","v":[{"t":"c","n":"cB","v":[{"t":"l","v":"wx_mp"},"===",{"t":"c","n":"gC","v":"u"}]},{"t":"c","n":"c","v":[{"t":"m","v":[{"t":"c","n":"c","v":[{"t":"c","n":"gC","v":"t"},[]]},"createElement"]},[{"t":"l","v":"wx-button"},{"t":"c","n":"gC","v":"e"}]]},{"t":"c","n":"c","v":[{"t":"m","v":[{"t":"c","n":"c","v":[{"t":"c","n":"gC","v":"t"},[]]},"createElement"]},[{"t":"l","v":"button"},{"t":"c","n":"gC","v":"e"}]]}]}]}]}]]}},{"k":"g","v":{"t":"c","n":"c","v":[{"t":"c","n":"cS","v":[[{"t":"l","v":0},{"t":"m","v":["e","memo"]}]]},[{"t":"f","n":null,"p":[],"b":[{"t":"p","v":["r","i","a"]},{"t":"c","n":"bD","v":["var",[{"k":"r","v":{"t":"c","n":"c","v":[{"t":"c","n":"gC","v":"n"},[{"t":"f","n":null,"p":["e"],"b":[{"t":"p","v":[]},{"t":"c","n":"c","v":[{"t":"c","n":"gC","v":"navigate"},[{"t":"l","v":"/page-c/"},{"t":"o","v":[{"k":"pageTitle","v":{"t":"l","v":"页面C"}}]}]]}]}]]}},{"k":"i","v":{"t":"c","n":"c","v":[{"t":"c","n":"gC","v":"n"},[{"t":"f","n":null,"p":[],"b":[{"t":"p","v":[]},{"t":"c","n":"cC","v":[{"t":"c","n":"cB","v":[{"t":"l","v":"wx_mp"},"===",{"t":"c","n":"gC","v":"u"}]},{"t":"c","n":"c","v":[{"t":"m","v":["wx","navigateBack"]},[]]},{"t":"c","n":"c","v":[{"t":"m","v":["history","back"]},[]]}]}]}]]}},{"k":"a","v":{"t":"c","n":"c","v":[{"t":"c","n":"gC","v":"n"},[{"t":"f","n":null,"p":["e"],"b":[{"t":"p","v":[]},{"t":"c","n":"c","v":[{"t":"m","v":["console","log"]},[{"t":"l","v":"=======>>>> handleGetUserInfo"},{"t":"c","n":"gC","v":"e"}]]}]}]]}}]]},{"t":"c","n":"cR","v":[{"t":"c","n":"cS","v":[[{"t":"c","n":"c","v":[{"t":"c","n":"gC","v":"s"},[{"t":"f","n":null,"p":[],"b":[{"t":"p","v":[]},{"t":"c","n":"c","v":[{"t":"m","v":["console","log"]},[{"t":"l","v":"page-a显示"}]]}]}]]},{"t":"c","n":"c","v":[{"t":"c","n":"gC","v":"l"},[{"t":"f","n":null,"p":[],"b":[{"t":"p","v":[]},{"t":"c","n":"c","v":[{"t":"m","v":["console","log"]},[{"t":"l","v":"page-a隐藏"}]]}]}]]},{"t":"c","n":"c","v":[{"t":"c","n":"gC","v":"d"},[{"t":"f","n":null,"p":["e"],"b":[{"t":"p","v":["t"]},{"t":"c","n":"bD","v":["var",[{"k":"t","v":{"t":"m","v":["e","from"]}}]]},{"t":"c","n":"cR","v":[{"t":"c","n":"cS","v":[[{"t":"c","n":"c","v":[{"t":"m","v":["console","log"]},[{"t":"l","v":"----from:"},{"t":"c","n":"gC","v":"t"}]]},{"t":"o","v":[{"k":"title","v":{"t":"l","v":"分享的页面是 PAGE-A"}}]}]]}]}]}]]},{"t":"c","n":"c","v":[{"t":"c","n":"cS","v":[[{"t":"l","v":0},{"t":"m","v":["e","useEffect"]}]]},[{"t":"f","n":null,"p":[],"b":[{"t":"p","v":["e"]},{"t":"c","n":"bD","v":["var",[{"k":"e"}]]},{"t":"c","n":"cL","v":[{"t":"c","n":"cL","v":[{"t":"c","n":"cB","v":[{"t":"l","v":null},"===",{"t":"c","n":"aL","v":[{"t":"m","v":["e"]},{"t":"c","n":"gC","v":"wx"},"="]}]},"||",{"t":"c","n":"cB","v":[{"t":"c","n":"cU","v":["void",{"t":"l","v":0}]},"===",{"t":"c","n":"gC","v":"e"}]}]},"||",{"t":"c","n":"c","v":[{"t":"m","v":["e","setNavigationBarColor"]},[{"t":"o","v":[{"k":"frontColor","v":{"t":"l","v":"#ffffff"}},{"k":"backgroundColor","v":{"t":"l","v":"#ffffff"}}]}]]}]}]},{"t":"a","v":[]}]]},{"t":"c","n":"c","v":[{"t":"m","v":[{"t":"c","n":"c","v":[{"t":"c","n":"gC","v":"t"},[]]},"createElement"]},[{"t":"l","v":"div"},{"t":"o","v":[{"k":"style","v":{"t":"o","v":[{"k":"backgroundColor","v":{"t":"l","v":"#efefef"}},{"k":"minHeight","v":{"t":"l","v":"100vh"}},{"k":"display","v":{"t":"l","v":"flex"}},{"k":"flexDirection","v":{"t":"l","v":"column"}},{"k":"justifyContent","v":{"t":"l","v":"flex-start"}},{"k":"alignItems","v":{"t":"l","v":"center"}}]}}]},{"t":"c","n":"c","v":[{"t":"m","v":[{"t":"c","n":"c","v":[{"t":"c","n":"gC","v":"t"},[]]},"createElement"]},[{"t":"l","v":"div"},{"t":"o","v":[{"k":"style","v":{"t":"o","v":[{"k":"position","v":{"t":"l","v":"relative"}},{"k":"width","v":{"t":"l","v":"100vw"}},{"k":"height","v":{"t":"l","v":"calc(100vw * 0.5625)"}},{"k":"paddingTop","v":{"t":"l","v":88}},{"k":"boxSizing","v":{"t":"l","v":"border-box"}}]}}]},{"t":"c","n":"c","v":[{"t":"m","v":[{"t":"c","n":"c","v":[{"t":"c","n":"gC","v":"t"},[]]},"createElement"]},[{"t":"l","v":"img"},{"t":"o","v":[{"k":"src","v":{"t":"c","n":"c","v":[{"t":"c","n":"gC","v":"o"},[{"t":"l","v":1280}]]}},{"k":"style","v":{"t":"o","v":[{"k":"position","v":{"t":"l","v":"absolute"}},{"k":"top","v":{"t":"l","v":0}},{"k":"left","v":{"t":"l","v":0}},{"k":"width","v":{"t":"l","v":"100%"}},{"k":"height","v":{"t":"l","v":"100%"}}]}}]}]]}]]},{"t":"c","n":"c","v":[{"t":"m","v":[{"t":"c","n":"c","v":[{"t":"c","n":"gC","v":"t"},[]]},"createElement"]},[{"t":"l","v":"div"},{"t":"o","v":[{"k":"style","v":{"t":"o","v":[{"k":"fontSize","v":{"t":"l","v":14}},{"k":"color","v":{"t":"l","v":"#999"}},{"k":"margin","v":{"t":"l","v":12}}]}}]},{"t":"l","v":"自定义头部的页面"}]]},{"t":"c","n":"c","v":[{"t":"m","v":[{"t":"c","n":"c","v":[{"t":"c","n":"gC","v":"t"},[]]},"createElement"]},[{"t":"c","n":"gC","v":"m"},{"t":"o","v":[{"k":"onClick","v":{"t":"c","n":"gC","v":"r"}},{"k":"style","v":{"t":"o","v":[{"k":"marginTop","v":{"t":"l","v":12}}]}}]},{"t":"l","v":"前往「page-c」"}]]},{"t":"c","n":"c","v":[{"t":"m","v":[{"t":"c","n":"c","v":[{"t":"c","n":"gC","v":"t"},[]]},"createElement"]},[{"t":"c","n":"gC","v":"m"},{"t":"o","v":[{"k":"onClick","v":{"t":"c","n":"gC","v":"i"}},{"k":"style","v":{"t":"o","v":[{"k":"marginTop","v":{"t":"l","v":12}}]}}]},{"t":"l","v":"返回上一页"}]]},{"t":"c","n":"c","v":[{"t":"m","v":[{"t":"c","n":"c","v":[{"t":"c","n":"gC","v":"t"},[]]},"createElement"]},[{"t":"c","n":"gC","v":"m"},{"t":"o","v":[{"k":"onGetUserInfo","v":{"t":"c","n":"gC","v":"a"}},{"k":"open-type","v":{"t":"l","v":"getUserInfo"}},{"k":"type","v":{"t":"l","v":"primary"}},{"k":"style","v":{"t":"o","v":[{"k":"marginTop","v":{"t":"l","v":12}}]}}]},{"t":"l","v":"获取用户信息"}]]},{"t":"c","n":"c","v":[{"t":"m","v":[{"t":"c","n":"c","v":[{"t":"c","n":"gC","v":"t"},[]]},"createElement"]},[{"t":"c","n":"gC","v":"m"},{"t":"o","v":[{"k":"open-type","v":{"t":"l","v":"chooseAvatar"}},{"k":"type","v":{"t":"l","v":"primary"}},{"k":"style","v":{"t":"o","v":[{"k":"marginTop","v":{"t":"l","v":12}}]}},{"k":"onChooseAvatar","v":{"t":"f","n":null,"p":["e"],"b":[{"t":"p","v":[]},{"t":"c","n":"c","v":[{"t":"m","v":["console","log"]},[{"t":"l","v":"=====头像信息是："},{"t":"c","n":"gC","v":"e"}]]}]}}]},{"t":"l","v":"获取用户头像"}]]}]]}]]}]}]}]]}}]]}]},[]]},{"t":"c","n":"gC","v":"r"}]]}]}]},[]]}]}]}]]}]}]