[{"t":"p","v":[]},{"t":"c","n":"cU","v":["!",{"t":"c","n":"c","v":[{"t":"f","n":null,"p":["e","t"],"b":[{"t":"p","v":[]},{"t":"c","n":"cC","v":[{"t":"c","n":"cL","v":[{"t":"c","n":"cB","v":[{"t":"l","v":"object"},"==",{"t":"c","n":"cU","v":["typeof",{"t":"c","n":"gC","v":"exports"}]}]},"&&",{"t":"c","n":"cB","v":[{"t":"l","v":"object"},"==",{"t":"c","n":"cU","v":["typeof",{"t":"c","n":"gC","v":"module"}]}]}]},{"t":"c","n":"aL","v":[{"t":"m","v":["module","exports"]},{"t":"c","n":"c","v":[{"t":"c","n":"gC","v":"t"},[]]},"="]},{"t":"c","n":"cC","v":[{"t":"c","n":"cL","v":[{"t":"c","n":"cB","v":[{"t":"l","v":"function"},"==",{"t":"c","n":"cU","v":["typeof",{"t":"c","n":"gC","v":"define"}]}]},"&&",{"t":"m","v":["define","amd"]}]},{"t":"c","n":"c","v":[{"t":"c","n":"gC","v":"define"},[{"t":"a","v":[]},{"t":"c","n":"gC","v":"t"}]]},{"t":"c","n":"cC","v":[{"t":"c","n":"cB","v":[{"t":"l","v":"object"},"==",{"t":"c","n":"cU","v":["typeof",{"t":"c","n":"gC","v":"exports"}]}]},{"t":"c","n":"aL","v":[{"t":"m","v":["exports","app"]},{"t":"c","n":"c","v":[{"t":"c","n":"gC","v":"t"},[]]},"="]},{"t":"c","n":"aL","v":[{"t":"m","v":["e","app"]},{"t":"c","n":"c","v":[{"t":"c","n":"gC","v":"t"},[]]},"="]}]}]}]}]},[{"t":"c","n":"gC","v":"self"},{"t":"f","n":null,"p":[],"b":[{"t":"p","v":[]},{"t":"c","n":"cR","v":[{"t":"c","n":"c","v":[{"t":"f","n":null,"p":[],"b":[{"t":"p","v":["e","t"]},{"t":"d","n":"o","p":[],"b":[{"t":"p","v":["e"]},{"t":"c","n":"bD","v":["var",[{"k":"e"}]]},{"t":"c","n":"cL","v":[{"t":"c","n":"cL","v":[{"t":"c","n":"cB","v":[{"t":"l","v":null},"===",{"t":"c","n":"aL","v":[{"t":"m","v":["e"]},{"t":"c","n":"gC","v":"wx"},"="]}]},"||",{"t":"c","n":"cB","v":[{"t":"c","n":"cU","v":["void",{"t":"l","v":0}]},"===",{"t":"c","n":"gC","v":"e"}]}]},"||",{"t":"c","n":"c","v":[{"t":"m","v":["e","showToast"]},[{"t":"o","v":[{"k":"icon","v":{"t":"l","v":"success"}},{"k":"title","v":{"t":"l","v":"sdk的结果就是显示 toast"}}]}]]}]}]},{"t":"c","n":"bD","v":["var",[{"k":"e","v":{"t":"o","v":[{"k":"d","v":{"t":"f","n":null,"p":["t","o"],"b":[{"t":"p","v":[]},{"t":"c","n":"cBS","v":[[{"t":"c","n":"cFI","v":[{"t":"c","n":"bD","v":["var",[{"k":"n"}]]},{"t":"c","n":"gC","v":"o"},{"t":"c","n":"cL","v":[{"t":"c","n":"cL","v":[{"t":"c","n":"c","v":[{"t":"m","v":["e","o"]},[{"t":"c","n":"gC","v":"o"},{"t":"c","n":"gC","v":"n"}]]},"&&",{"t":"c","n":"cU","v":["!",{"t":"c","n":"c","v":[{"t":"m","v":["e","o"]},[{"t":"c","n":"gC","v":"t"},{"t":"c","n":"gC","v":"n"}]]}]}]},"&&",{"t":"c","n":"c","v":[{"t":"m","v":["Object","defineProperty"]},[{"t":"c","n":"gC","v":"t"},{"t":"c","n":"gC","v":"n"},{"t":"o","v":[{"k":"enumerable","v":{"t":"c","n":"cU","v":["!",{"t":"l","v":0}]}},{"k":"get","v":{"t":"c","n":"gV","v":[{"t":"m","v":["o",{"t":"c","n":"gC","v":"n"}]}]}}]}]]}]}]}]]}]}},{"k":"o","v":{"t":"f","n":null,"p":["e","t"],"b":[{"t":"p","v":[]},{"t":"c","n":"cR","v":[{"t":"c","n":"c","v":[{"t":"m","v":["Object","prototype","hasOwnProperty","call"]},[{"t":"c","n":"gC","v":"e"},{"t":"c","n":"gC","v":"t"}]]}]}]}},{"k":"r","v":{"t":"f","n":null,"p":["e"],"b":[{"t":"p","v":[]},{"t":"c","n":"cS","v":[[{"t":"c","n":"cL","v":[{"t":"c","n":"cL","v":[{"t":"c","n":"cB","v":[{"t":"l","v":"undefined"},"!=",{"t":"c","n":"cU","v":["typeof",{"t":"c","n":"gC","v":"Symbol"}]}]},"&&",{"t":"m","v":["Symbol","toStringTag"]}]},"&&",{"t":"c","n":"c","v":[{"t":"m","v":["Object","defineProperty"]},[{"t":"c","n":"gC","v":"e"},{"t":"m","v":["Symbol","toStringTag"]},{"t":"o","v":[{"k":"value","v":{"t":"l","v":"Module"}}]}]]}]},{"t":"c","n":"c","v":[{"t":"m","v":["Object","defineProperty"]},[{"t":"c","n":"gC","v":"e"},{"t":"l","v":"__esModule"},{"t":"o","v":[{"k":"value","v":{"t":"c","n":"cU","v":["!",{"t":"l","v":0}]}}]}]]}]]}]}}]}},{"k":"t","v":{"t":"o","v":[]}}]]},{"t":"c","n":"cR","v":[{"t":"c","n":"cS","v":[[{"t":"c","n":"c","v":[{"t":"m","v":["e","r"]},[{"t":"c","n":"gC","v":"t"}]]},{"t":"c","n":"c","v":[{"t":"m","v":["e","d"]},[{"t":"c","n":"gC","v":"t"},{"t":"o","v":[{"k":"default","v":{"t":"f","n":null,"p":[],"b":[{"t":"p","v":[]},{"t":"c","n":"cR","v":[{"t":"c","n":"gC","v":"o"}]}]}}]}]]},{"t":"c","n":"gC","v":"t"}]]}]}]},[]]}]}]}]]}]}]